Channel,Time,Program,Year Release,Description,Age Limit,Rating,Number of Ratings,Categories,Presenters
Первый канал,['05:00'],"Телеканал ""Доброе утро""",1986 — по н.в.,"Утренняя информационно-развлекательная программа «Первого канала» заряжает бодростью, оптимизмом и хорошим настроением на целый день. В каждом выпуске телешоу представлены актуальные новости, полезные советы на все случаи жизни, интервью с интересными гостями и многое другое. Первая часть программы выходит в эфир из Останкина, а затем эстафету перехватывает мобильная передвижная студия, которая находится на улицах Москвы.
«Телеканал „Доброе утро“» существует с 1986 года и является бесспорным лидером утреннего вещания.",0+,6.7,435 оценок,['развлекательное'],"['Лариса Вербицкая', 'Борис Щербаков', 'Екатерина Стриженова', 'Арина Шарапова', 'Юлия Зимина', 'Антон Привольнов', 'Светлана Зейналова', 'Роман Будников', 'Ольга Ушакова', 'Тимур Соловьев', 'Сергей Бабаев', 'Марина Ким', 'Анастасия Трегубова', 'Дильбар Файзиева']"
Первый канал,['09:05'],Модный приговор,2007 — по н.в.,"Одно из первых на российском телевидении ток-шоу о моде и стиле. Это игра-превращение, захватывающее состязание смелых героинь и героев с профессионалами. Участники «Модного приговора» дефилируют по подиуму в нарядах, выбранных самостоятельно, и в нарядах, подобранных стилистами, а зрители в студии решают, кто же победил. Оригинальна и форма программы: это не просто шоу, а суд над безвкусицей в одежде. Однако, судят не людей, а их манеру одеваться. Крайне полезными могут оказаться советы специалистов в области моды, которые щедро рассыпаны по всей передаче, легки для восприятия и применимы в жизни.",0+,4.6,7 262 оценки,['ток-шоу'],"['Александр Рогов', 'Лилия Рах', 'Эвелина Хромченко']"
Первый канал,['09:55'],Жить здорово!,2010 — по н.в.,"Познавательная передача о здоровой, радостной и счастливой жизни. Имеет формат ток-шоу и состоит из четырех разделов: «Про жизнь», «Про еду», «Про медицину», «Про дом». В первом разделе врачи рассказывают, например, как сохранить осанку, как правильно мыть волосы, как уберечься от травм во время гололеда. Во втором — как правильно готовить продукты питания, как их хранить и употреблять. В третьем — о том, как избежать различных заболеваний. В разделе «Про дом» Елена Малышева дает бытовые советы (например, как чистить ковер, как избежать появления моли в шкафу). В этом ей помогают все остальные ведущие программы.",16+,3.7,5 612 оценок,['ток-шоу'],"['Елена Малышева', 'Дмитрий Шубин', 'Андрей Продеус', 'Герман Гандельман']"
Первый канал,"['10:45', '19:00']",Время покажет,2014 — по н.в.,"Темами каждого выпуска программы являются самые актуальные события. Гостями студии становятся очевидцы событий и эксперты, журналисты, политологи, актеры и обычные люди, на глазах которых все произошло. Каждый выпуск телешоу «Время покажет» превращается в площадку для обсуждения проблем, которые волнуют каждого человека. Участники программы пытаются понять причины возникновения и найти пути решения ситуации.",16+,4.7,2 119 оценок,['аналитическое'],"['Руслан Осташко', 'Олеся Лосева', 'Екатерина Стриженова', 'Михаил Старшинов', 'Анатолий Кузичев', 'Артем Шейнин']"
Первый канал,"['14:15', '16:00']",Большая игра,2018 — по н.в.,"Ежедневное ток-шоу, в котором сталкиваются две ментальности, два отношения к миру, пониманию и смыслу истории. В программе анализируются события текущего дня и представлен взгляд как россиян, так и американцев на них.",16+,6.1,604 оценки,['ток-шоу'],"['Вячеслав Никонов', 'Дмитрий Саймс']"
Первый канал,['17:15'],Давай поженимся!,2008 — по н.в.,"Участники программы «Давай поженимся» — одинокие мужчины и женщины, которые искренне хотят встретить свою «вторую половинку». В каждом выпуске одному жениху или невесте предлагается сделать выбор из трех претендентов на его (ее) руку и сердце. Все претенденты заранее видят фото героя на сайте шоу и из сотен других выбирают именно этого человека. Они рассказывают о себе и готовят для героя «сюрприз»: удивляют танцами, пением, кулинарными шедеврами, лингвистическими познаниями и другими способами. Герой программы поочередно встречается с тремя невестами или женихами, а в конце программы делает выбор: с кем из них он хотел бы продолжить отношения? Кого он готов рассматривать как человека, которому когда-нибудь, возможно, скажет: «Давай поженимся!»?
Все участники «Давай поженимся!» приходят на программу с родными и близкими, которые исполняют роль классических «сватов» и советчиков. Нередко на месте героя программы оказываются звезды шоу-бизнеса.",16+,3.6,11 708 оценок,['ток-шоу'],"['Лариса Гузеева', 'Роза Сябитова', 'Василиса Володина', 'Лидия Арефьева', 'Тамара Глоба']"
Первый канал,['18:05'],Мужское/Женское,2014 — по н.в.,"Героями программы становятся люди, переживающие сложный период в жизни. Они приходят в студию, чтобы психологи, юристы и другие эксперты помогли им разобраться в проблеме и оказать необходимую поддержку. При этом ведущие шоу Александр Гордон и Юлия Барановская предлагают критический взгляд на ситуацию, помогающий трезво оценить происходящее. Многие истории связаны с гендерными вопросами и вызывают у героев и зрителей бурные эмоции.
«Мужское/женское» — российское ток-шоу «Первого канала» о трудностях в личных и семейных взаимоотношениях. В честь 10-летия программы были отсняты три праздничных выпуска, в которых специальную премию МЖЭФИ вручили героям, чьи истории вызвали самый большой отклик у зрителей за всю историю шоу.",16+,3.8,6 096 оценок,['ток-шоу'],"['Александр Гордон', 'Юлия Барановская']"
Первый канал,['19:50'],Пусть говорят,2005 — по н.в.,"Одна из основных задач шоу — опровергнуть поговорку «словом делу не поможешь». Герои программы — известные личности или самые обычные люди — делятся со зрителями и экспертами своими невыдуманными историями. Обcуждая частные проблемы отдельных людей и семей, участники программы говорят о том, что волнует всех. Свое мнение о проблеме высказывают родственники и очевидцы, противники и сторонники, политики и психологи, знаменитости и журналисты, а также зрители, присутствующие в зале. Лучшим финалом программы «Пусть говорят» является конкретная помощь людям, исправление ошибок и поиск компромиссов.
«Пусть говорят» — это третья версия популярного ток-шоу Андрея Малахова, которое ранее выходило под названиями «Большая стирка» и «Пять вечеров». В 2017 году Андрей Малахов покинул программу из-за низких рейтингов и конфликтов с командой шоу. Его место занял Дмитрий Борисов. Также в разное время «гостевыми» ведущими специальных выпусков были Гарик Харламов, Вячеслав Манучаров, Рома Желудь и Ольга Картункова. Шоу «Пусть говорят» выходит в эфир «Первого канала».",16+,3.7,12 889 оценок,['ток-шоу'],['Дмитрий Борисов']
Первый канал,['21:45'],Персональный ассистент,2024,"У руководителя крупной строительной компании Вадима Петровича Воронкова появляется новый персональный ассистент — Ольга Богомолова. Девушка старательная, но страдающая от необычных фобий. В первый же рабочий день молодая сотрудница совершает несколько серьезных ошибок, чем злит босса, взволнованного из-за предстоящего тендера. Однако знание иностранных языков, находчивость и глубокие познания в искусстве спасают Ольгу от увольнения. Она всеми силами держится за свое место, но ее волнует не карьера. Героиня собирает информацию, с помощью которой сможет полностью контролировать или даже разрушить жизнь своего шефа. Ее мотив — месть за страшную трагедию, произошедшую с ней в прошлом. Но чем лучше Ольга узнает Воронкова, тем больше сомневается в справедливости своих намерений. 
Сериал «Персональный ассистент» — это драма режиссера Эльдара Салаватова с Марией Луговой и Кириллом Сафоновым в главных ролях. Премьера первого эпизода состоялась на фестивале Original+ в феврале 2024 года.",16+,5.7,60 оценок,['драма'],['Эльдар Салаватов']
Первый канал,"['01:15', '03:05']",Подкаст.Лаб,2023 — по н.в.,"«Подкаст. Лаб» — это серия подкастов разной тематики, заполняющая ночные эфиры «Первого канала». Каждый раздел «Подкаста. Лаб» представлен разными ведущими. Карина Кросс отвечает за музыкальную рубрику «Неформат», Дмитрий Дибров возрождает свою «Антропологию», Лариса Гузеева читает любовные письма, Леонид Якубович рассказывает о пилотах, Михаил Ханов дает финансовые советы, а Арина Холина затрагивает самые интимные вопросы.",16+,3.4,296 оценок,['ток-шоу'],"['Лариса Гузеева', 'Леонид Якубович', 'Арина Холина', 'Карина Кросс', 'Валя Карнавал', 'Валерий Сюткин', 'Дмитрий Дибров', 'Денис Казанский', 'Антон Лаврентьев', 'Сергей Томаш', 'Михаил Ханов', 'Дмитрий Бак', 'Антон Шкаплеров', 'Вера Кинчева', 'Светлана Драган', 'Вадим Галыгин', 'Аглая Набатникова', 'Сергей Насибян', 'Татьяна Красновская']"
Россия 1,['05:00'],Утро России,1998 — по н.в.,"Информационно-развлекательный канал «Утро России» — это четырехчасовое шоу в стиле «инфотейнмент». Каждый день ведущие говорят о главных событиях, о том, что интересует каждого жителя большой страны, о том, что тревожит, заставляет задуматься и вызывает гордость. В поле зрения программы оказываются не только самые заметные, но и просто любопытные истории, произошедшие в России и за ее пределами. Это и человеческие судьбы, и научные открытия, и новости из мира искусства. А корреспонденты программы и приглашенные эксперты помогают сориентироваться в любой жизненной ситуации. Как выбрать качественный товар? Как защитить свои права? Где можно сэкономить? Ответы на эти и другие вопросы — каждый день в утреннем эфире.",12+,7.0,323 оценки,['развлекательное'],"['Анастасия Чернобровина', 'Андрей Петров', 'Владислав Завьялов', 'Денис Стойков', 'Светлана Абрамова', 'Елена Николаева']"
Россия 1,['09:55'],О самом главном,2010 — по н.в.,"Программа «О самом главном» — время заняться своим здоровьем всерьез. Советы лучших специалистов Минздрава и НИИ Питания, актуальные вопросы и новейшие способы лечения — из первых рук.
Сергей Агапкин — доктор, специалист по традиционным системам оздоровления — практик и скептик. Предпочитает все проверить и исследовать самостоятельно. Он лично проконсультирует всех желающих, ответит на важные вопросы и даст четкие рекомендации. А лучшие специалисты страны подтвердят все самые главные утверждения и поделятся опытом.
Ток-шоу «О самом главном» переводит с медицинского языка на простой, разбирает продукты по составу, проводит эксперименты и проверяет ваши знания о себе. В каждом выпуске герои передачи прощаются с мифами и дают компетентные ответы на самые наболевшие вопросы.",12+,6.2,899 оценок,['ток-шоу'],"['Сергей Агапкин', 'Михаил Полицеймако', 'Александр Мясников', 'Татьяна Шаповаленко']"
Россия 1,"['11:30', '18:30']",60 минут,2016 — по н.в.,"«60 минут» — социально-политическое ток-шоу с Ольгой Скабеевой и Евгением Поповым. Каждый выпуск проекта посвящен главному событию текущего дня. В программе принимают участие видные политики, общественные деятели, эксперты по актуальной проблематике, люди из сферы искусства и культуры.",12+,5.5,2 430 оценок,['ток-шоу'],"['Ольга Скабеева', 'Евгений Попов']"
Россия 1,"['14:55', '15:55', '02:10', '03:30']",Райский,2024 (Сериал закончился),"Максим Райский — талантливый следователь с уникальным чутьем, вниманием к деталям и невыносимым характером. Однажды его лучший друг Олег Огарев погибает при загадочных обстоятельствах: падает с платформы и попадает под поезд. Официальная версия — несчастный случай, но Райский уверен, что его приятеля убили. Максим берется за неофициальное расследование этого дела, а параллельно раскрывает другие запутанные преступления. В работе ему помогают вышедший на пенсию отец — генерал-майор полиции Вктор Семенович — и жена погибшего, следователь Ольга Огарева, которая теперь занимает должность начальницы Райского.
«Райский» — детективный сериал с элементами драмы и комедии. Главные роли в проекте исполнили Владимир Жеребцов, Мария Берсенева и Леонид Каневский.",16+,7.3,44 оценки,['детектив'],"['Борис Рабей', 'Евгений Сологалов', 'Дмитрий Сорокин', 'Илья Хотиненко']"
Россия 1,['17:30'],Малахов,2022 — по н.в.,"В прямом эфире программы «Малахов» обсуждаются самые громкие, актуальные и волнующие общественность истории и происшествия. В студии находятся герои выпуска, эксперты и зрители, а также расположен колл-центр, куда поступают звонки, способные существенно повлиять на беседу или изменить ход событий.",12+,4.1,372 оценки,['ток-шоу'],['Андрей Малахов']
Россия 1,"['21:30', '22:30']",Тайны следствия,2000 — по н.в.,"В прокуратуре никогда не бывает весело — особенно когда много преступлений. Трупы, необъяснимые кражи и необычные преступления ждут внимания следователей. Им придется проявить смекалку, чтобы раскрыть любое из поступающих к ним дел — легких дней у них не бывает. Сериал «Тайны следствия» посвящен будням прокуратуры одного из районов Санкт-Петербурга, которая расследует самые, казалось бы, бесперспективные дела. Вероятно, многие из этих дел так и остались бы неразрешенными, если бы не талант и юмор следователя Марии Сергеевны Швецовой.
 
Многосерийный криминальный детектив «Тайны следствия» стартовал 1 сентября 2000 года, став одним из самых популярных и долгоиграющих сериалов в истории российского телевидения. Проект принес широкую популярность актрисе Анне Ковальчук, сыгравшей Швецову. Первые восемь сезонов сериала являются экранизацией детективных романов писательницы Елены Топильской. ",16+,7.4,16 339 оценок,['криминал'],"['Александр Бурцев', 'Илья Макаров', 'Михаил Вассербаум', 'Ольга Кандидатова', 'Рената Грицкова', 'Максим Демченко']"
Россия 1,['23:30'],Вечер с Владимиром Соловьевым,2014 — по н.в.,"Студия телепрограммы является площадкой, где обсуждаются самые резонансные события, которые произошли в политической жизни страны и мира. Гостями телешоу «Вечер с Владимиром Соловьевым» становятся известные политики, общественные деятели, ученые, журналисты, как российские, так и иностранные. В студии звучат диаметрально противоположные точки зрения на обсуждаемую проблему, гости приводят весомые аргументы и доказательства своей правоты. Участникам острой дискуссии не всегда удается прийти к консенсусу.",12+,5.6,2 310 оценок,['ток-шоу'],['Владимир Соловьев']
МАТЧ!,['19:00'],Воин,2015,"Морпех Роман Родин возвращается в Калининград. Здесь у него отец и старший брат Вячеслав, но как будто никого: они не семья и давно не общаются. Отец, когда-то талантливый тренер, мечтавший сделать из сыновей чемпионов, теперь живет рыбалкой, терзаясь сожалениями. А Слава с женой выбиваются из сил, чтобы заработать на лечение дочки. Шанс все исправить появляется, когда объявляют о международном турнире по смешанным единоборствам с огромным призовым фондом. Оба брата решают участвовать, и Роман обращается за помощью к отцу.",12+,5.3,3 985 оценок,['драма'],['Алексей Андрианов']
НТВ,"['05:40', '04:50']",Улицы разбитых фонарей,1998 — 2019 (Сериал закончился),"Герои фильма — команда профессионалов Соловец, Волков и Дымов, они борются с преступным миром города на Неве, с гордостью побеждая в каждой схватке с бандитами. Помогают им в этом нелегком деле трое новичков. В каждом эпизоде героев ждут опасные, но увлекательные дела — и убийца-трансвестит, и разные маньяки, и питерские диггеры, и даже дело об НЛО. Для бравых ребят всегда найдется работа на улицах славного города Петербурга, а это значит, что каждый новый день они снова и снова будут вступать в схватку с мафией, преодолевая все трудности.
Большинство серий «Улиц...» снято по произведениям Андрея Кивинова.",16+,7.1,6 934 оценки,['драма'],"['Александр Рогожкин', 'Дмитрий Светозаров', 'Кирилл Капица']"
НТВ,"['08:25', '10:35']",Пес,2015 — по н.в.,"Полицейский Максим Максимов (Никита Панфилов) когда-то был лучшим сыщиком в городе, однако в одночасье его жизнь круто изменилась: он потерял жену, друзей и любимую работу. Не в силах справиться с ударами судьбы, Макс пристрастился к алкоголю, и неизвестно, чем бы это все для него закончилось, если бы в его жизни не появилась овчарка по кличке Пес, которую он спас от гибели и забрал домой. Вместе со своим новым другом Максим возвращается к детективной работе.
Героям сериала «Пес» предстоит окунуться в водоворот опасных криминальных историй и раскрыть множество запутанных преступлений.",16+,6.9,1 963 оценки,['криминал'],"['Николай Каптан', 'Игорь Забара']"
НТВ,['14:00'],Место встречи,2016 — по н.в.,"Телепрограмма посвящена обсуждению самых острых, злободневных проблем, волнующих каждого человека. Это могут быть вопросы экономики и политики, образования и культуры, правопорядка и здравоохранения. В студию телешоу «Место встречи» приходят политики, ученые, общественные деятели, актеры для того, чтобы высказать свое мнение и предложить пути решения обсуждаемой проблемы. Люди с диаметрально противоположными точками зрения с помощью ведущих пытаются прийти к консенсусу.",12+,6.8,624 оценки,['новостное'],"['Иван Трушкин', 'Андрей Норкин', 'Ольга Белова']"
НТВ,['16:45'],За гранью,2021 — по н.в.,"Героями ток-шоу «За гранью» становятся удивительные люди, чья жизнь выходит за общепринятые рамки и стандарты. Они приходят в студию программы, чтобы рассказать свои шокирующие истории и попросить о помощи. Зрители и приглашенные эксперты выясняют детали биографии героев и пытаются найти решение их проблем, чтобы вернуть их жизни в нормальное русло.",16+,4.9,124 оценки,['ток-шоу'],['Тимур Еремеев']
НТВ,['17:50'],ДНК,2013 — по н.в.,"Каждый выпуск программы — это жизненная драма, в которой единственным выходом может стать медицинский тест. В студии телешоу «ДНК» находится настоящая лаборатория, в которой проводится исследование. Заключение эксперта можно узнать только в конце выпуска. Сюжетами ток-шоу становятся расследование преступлений, установление отцовства и родства.",16+,3.0,397 оценок,['ток-шоу'],['Анна Казючиц']
НТВ,"['20:00', '00:00']",Балабол,2013 — по н.в.,"Бравый провинциальный опер, «одинокий волк» с несерьёзным именем Саня, распутывает безнадежные на взгляд его коллег преступления. Одно из основных преимуществ Сани перед коллегами — его разветвлённая и разношёрстная агентурная сеть. Ведь ему в интересах следствия приходится иметь дело с проститутками и мелкими мошенниками, с бомжами и бродячими музыкантами.
Детективное расследование лежит в основе каждой истории, но внутри сюжета — столкновение характеров героев, их семейные дела и проблемы, и те перемены, которые происходят с ними по ходу действия.
Сериал «Балабол» — иронический детектив с Константином Юшкевичем в главной роли.",16+,7.5,1 155 оценок,['комедия'],['Владимир Мельник']
НТВ,['04:20'],Агентство скрытых камер,2016 — по н.в.,"Бывший полковник ФСБ Михаил Трошин открывает детективное бюро под названием «Агентство скрытых камер». Кроме Михаила в АСК служат программист Павел, старший лейтенант полиции Егор и Ольга, которая, благодаря актерскому таланту, с легкостью может сыграть роль девочки-подростка или мгновенно преобразиться в женщину-вамп. Каждый день к детективам обращаются люди, которым грозит опасность. В своей работе герои сериала «Агентство скрытых камер» используют первоклассную систему видеонаблюдения, способную подключиться к любому электронному устройству.",16+,5.4,97 оценок,['детектив'],"['Андрей Канивченко', 'Вячеслав Падалка']"
5 канал,"['05:25', '05:40', '06:25', '07:10', '08:05', '09:30', '10:05', '11:05', '12:00']",Дознаватель,2010 — 2013 (Сериал закончился),"Группа РУВД занимается раскрытием самых разнообразных преступлений — как «на земле», вместе с операми, так и в «высших сферах» бизнеса.
Главный герой — выпускник юридического факультета Александр Суворов — приходит работать дознавателем в РУВД. Он молод и «зелен», поэтому поначалу его воспринимают с некоторой долей иронии, ведь в районном управлении — сплошь «волки», опера и следователи. Но у нового дознавателя крутой характер и крепкий кулак! Саше Суворову и его товарищам придется окунуться в самую гущу городской преступной жизни — в их работе не будет незначительных дел. Каждая серия детектива «Дознаватель» — это история расследования отдельного преступления, будь то убийство известного в городе бизнесмена или ограбление квартиры генерала МВД, смерть прохожего от клофелина или кража в продуктовом магазине…",16+,7.5,315 оценок,['криминал'],"['Андрей Коршунов', 'Инесса Юрченко']"
5 канал,"['13:30', '14:20', '15:05', '16:00', '16:45', '17:30', '18:10', '18:55', '19:45', '20:35', '02:40', '03:20', '04:00']",След,2007 — по н.в.,"«Федеральная экспертная служба» — вымышленная организация, занимающаяся расследованием сложных и запутанных преступлений. ФЭС была создана в качестве эксперимента и объединяет несколько отделов, проводящих исследования в различных областях прикладной криминалистики. Каждый из отделов обладает уникальным оборудованием — мощнейшими микроскопами, ультразвуковыми и рентгеновскими приборами, суперкомпьютерами — все это помогает им не пройти мимо самых незначительных и микроскопических улик. Помимо технологических новинок, ФЭС гордится своими превосходными специалистами — криминалистами, судмедэкспертами, биологами, детективами… Сотрудники ФЭС легко делают то, что другим не под силу — все они имеют отличное образование и подготовку в самых разнообразных областях.
Детективный сериал «След», который был впервые был показан на телевидении в 2007 году, стал одним из долгоиграющих проектов на телевидении.",16+,6.5,6 415 оценок,['криминал'],"['Игорь Ромащенко', 'Камиль Закиров', 'Всеволод Аравин']"
5 канал,"['21:25', '22:20', '23:10', '00:30', '01:20', '02:05']",Великолепная пятерка,2019 — по н.в.,"Детективный сериал о буднях оперов «убойного» отдела Петровского РОВД Петербурга. Главные герои — майор Павел Шапошников, капитаны Дмитрий Красавченко и Тимур Бубнов, старлей Антон Ветров и лейтенант Владимир Кузьмин — обладатели разных характеров и взглядов на жизнь. Но объединяет их то, что они ежедневно противостоят злу и ловят преступников, нарушающих покой мирных граждан северной столицы.",16+,7.5,246 оценок,['драма'],['Сергей Полуянов']
ТВ Центр - Урал,"['08:45', '09:40']",Охота на крылатого льва,2022 (Сериал закончился),"Виктория берет отпуск и уезжает в Санкт-Петербург — отдохнуть от семейной жизни и мужа-диктатора и развеяться. В Северной столице Вика идет на ювелирную выставку, а вскоре после этого находит в своей сумке жемчужину экспозиции — бесценное старинное кольцо. Вика в замешательстве и собирается идти в полицию, но ее пытаются похитить двое головорезов. Бродяга Славик спасает Викторию и помогает ей спрятаться. Тем временем, муж героини просит Макара Илюшина и Сергея Бабкина отыскать Вику.",12+,7.0,109 оценок,['детектив'],['Наталия Микрюкова']
ТВ Центр - Урал,"['11:50', '12:40', '02:50', '03:30']",Я знаю твои секреты 2,2016 — по н.в.,"Нина (Агата Муцениеце) в совершенстве владеет редкой профессией: она — верификатор и способна, взглянув на человека, определить, лжет он или говорит правду. Однажды девушка находит паспорт незнакомого мужчины, в который вложена записка с просьбой вернуть документ за вознаграждение и номером телефона. Нина звонит и договаривается о встрече с женщиной, которая представилась супругой владельца паспорта. Встретившись с ней, Нина понимает, что женщина лжет. Но дальше события развиваются так стремительно, что у главной героини сериала «Я знаю твои секреты» не остается времени, чтобы понять, почему незнакомка ее обманула. За Ниной начинается настоящая охота: таинственные преступники убивают ее жениха и похищают мать. Девушке приходится обратиться за помощью к капитану Скворцову (Михаил Пшеничный), который довольно скептически относится к ее профессии...",12+,6.4,577 оценок,['мелодрама'],"['Андрей Верещагин', 'Ашот Кещян']"
ТВ Центр - Урал,['13:45'],Мой герой,2015 — 2021 (Телешоу закончилось),"Гостями студии телешоу «„Мой герой“ с Татьяной Устиновой» становятся известные люди — актеры, спортсмены, политики, музыканты. Интервью строится таким образом, что собеседник раскрывается с самой неожиданной стороны. Беседу прерывают рассказы близких людей о госте программы. В студии также появляются вещи, которые так или иначе связаны с этим известным человеком и напоминают о важных событиях в жизни гостя.",12+,6.5,458 оценок,['ток-шоу'],['Татьяна Устинова']
ТВ Центр - Урал,"['18:10', '19:05', '20:00', '20:50']","Тайна ""Белой вороны""",2023 (Сериал закончился),"Продолжение серии детективных расследований оперуполномоченного Максима Каратова и блогера Маши Смирновой. Снимая репортаж о сносе исторического здания, Маша случайно записывает компрометирующий разговор между мэром города и бизнесменом. Теперь героиню преследуют, и чтобы скрыться, она подбрасывает камеру своему знакомому, а вскоре узнает, что он мертв. Не веря тому, что его смерть — несчастный случай, Маша вместе с Максимом начинает расследование, которое приводит их в клинику нервных болезней «Белая ворона». Смирнова уверена, что работающая здесь психотерапевт Ася Маевская связана с чередой загадочных преступлений, произошедших в городе. Каратов, напротив, считает Асю невинной жертвой, за которой охотится убийца. Чтобы проверить свою версию, Маша симулирует психоз и ложится в отделение Маевской. Но выйти из «Белой вороны» оказывается не так просто.
Детективный сериал «Тайна “Белой вороны”» снят по книге Анны и Сергея Литвиновых «Останься дома и стреляй».",12+,6.2,54 оценки,['детектив'],['Ольга Ланд']
ТВ Центр - Урал,"['23:10', '02:10']",Хроники московского быта,2009 — по н.в.,"Для автора и ведущего этого документального цикла, журналиста и писателя-москвоведа Алексея Митрофанова, история — это не только и не столько революции и войны, смена режимов и вождей. Опорные точки его истории — культурные, социальные, бытовые феномены, определявшие частную жизнь людей. Ведь достаточно пары слов («синтетика», «сталинские дома», «дефицит», «спальные районы»), чтобы описать целые эпохи нашей жизни. Об этих историях — со смаком, в деталях и подробностях фильмы цикла «Хроники московского быта».",12+,5.2,89 оценок,['документальное'],['Алексей Митрофанов']
Культура,"['08:25', '22:20']",Мегрэ,1991 — 2005 (Сериал закончился),"Опытный следователь комиссар Жюль Мегре берется за расследование самых сложных дел. В работе он руководствуется собственным методом, который сделал его лучшим сыщиком во всей Франции. Вокруг Мегре полно тайн и загадок. Но он не спешит делать выводы: Мегре всегда сосредоточен и нетороплив. За свою долгую карьеру Мегре приходилось расследовать преступления во всех концах Европы, и его репутация известна далеко за пределами родной Франции. Образ гениального сыщика, воплощенный на экране Бруно Кремером, поддерживает атмосферу таинственности картины.",12+,7.1,539 оценок,['детектив'],"['Пьер Жоассен', 'Шарль Немес', 'Кристиан Де Шалонж']"
Культура,['15:40'],Белая студия,2011 — по н.в.,"Беседа с деятелем культуры, которая строится вокруг значимых для него произведений искусства. Это книги, кино, музыка, так или иначе повлиявшие на становление его как личности, художника, творца.
Участники программы «Белая студия» — люди, которые в представлении не нуждаются: известные режиссеры, актеры, музыканты, писатели, занимающие особое место не только в отечественной культуре, но и оказавшие влияние на мировое искусство.",12+,7.0,118 оценок,['ток-шоу'],['Дарья Златопольская']
Культура,['20:05'],Правила жизни,2014 — по н.в.,"Разговор в студии посвящен привычкам и традициям, негласным нормам, которые пронизывают нашу жизнь. Цель проекта «Правила жизни» — разобраться и понять, как возникли эти привычки и традиции, безусловные для современного человека, живущего в нашей стране, каковы правила жизни, по которым можно судить о характере нации в целом. Поведение и этикет, отношения и мораль, этика и эстетика, культура и история — все эти темы затрагиваются в проекте, в студии которого ведущий дискутирует с социологами, антропологами, культурологами и историками.
Ведущим программы «Правила жизни» до середины марта 2022 года был художник и дизайнер Алексей Бегак. После его смерти «Правила жизни» ведет его сын Филипп Бегак.",12+,8.1,134 оценки,['ток-шоу'],"['Филипп Бегак', 'Алексей Бегак']"
Культура,['20:30'],"Спокойной ночи, малыши!",1964 — по н.в.,"«Спокойной ночи, малыши!» — телепередача для детей дошкольного и младшего школьного возраста, существует с сентября 1964 года, никогда не переставала выходить в эфир и всегда была популярной. Задумывалась как «Сказка на ночь», на картинках с закадровым текстом. Позже появились кукольные спектакли и маленькие пьески для детей. С самого начала у программы был свой голос, уникальная песенка «Спят усталые игрушки», убаюкивающая малышей.
Сюжет каждого выпуска состоит из поучительной истории, в которой принимают участие кукольные персонажи: бесшабашный и слегка ленивый поросенок Хрюша, энергичный и исполнительный песик Филя, умный, рассудительный, но пугливый зайчик Степашка, осторожный, но хитрый медвежонок Мишутка. В конце юным зрителям предлагают мультфильм на обсуждаемую тему.",0+,8.1,2 978 оценок,['детское'],"['Анна Михалкова', 'Оксана Федорова', 'Виктор Бычков', 'Дмитрий Маликов', 'Валентина Леонтьева', 'Владимир Ухин', 'Ангелина Вовк', 'Татьяна Судец', 'Татьяна Веденеева', 'Юрий Николаев', 'Юрий Григорьев', 'Александр Леньков', 'Юлия Пустовойтова', 'Юрий Куклачев', 'Амаяк Акопян', 'Григорий Гладков', 'Дмитрий Хаустов', 'Николай Валуев']"
Культура,['21:30'],Линия жизни,2002 — по н.в.,"«Линия жизни» — телевизионный проект, в котором перед зрителями предстают звезды и светила, герои рубежа XX — XXI веков, которые боролись за право выразить себя, бросали вызов привычным представлениям об искусстве, шли против течения, одерживали победы и следовали своей линии жизни.Таких культурных героев совсем немало.
Передача — лауреат премии ТЭФИ-2006 в номинации «Программа об искусстве (цикл)».",12+,8.3,452 оценки,['документальное'],[]
СТС,"['05:50', '06:00']",Ералаш,1974 — по н.в.,"Детский юмористический киножурнал «Ералаш» состоит из историй, которые случаются с ребятами в школе и дома, во дворах и на улице. Поучительные кинозарисовки прививают молодому поколению любовь и уважение к сверстникам и окружающим. Каждый сюжет сериала начинается анимацией на тему серии. В сериале снимаются известные актеры и обычные школьники, многие из которых впоследствии становятся известными актерами. Первоначально выпуски «Ералаша» транслировались в кинотеатрах перед сеансом.",0+,7.8,6 202 оценки,['комедия'],"['Борис Грачевский', 'Виктор Волков']"
СТС,"['07:00', '08:00', '19:00', '20:00']",Плакса,2023 — по н.в.,"Когда отец Маши остается без работы, ей вместе с семьей приходится переехать из Москвы в небольшой город Новоморск. Оказавшись в провинциальной школе, девочка сталкивается с нравами и порядками, далекими от тех, к которым она привыкла в элитной школе на Рублевке. Одноклассники начинают травить новенькую, и больше всех старается лидер школы, певица Крис. Атмосфера в школе накаляется, когда Маша влюбляется в парня Крис и собирает музыкальную группу «Плакса». Пережить сложные времена героине помогают фантазии о собственных песнях и видеоклипах.
Шоураннером и музыкальным продюсером сериала «Плакса» выступает лидер группы «Рукки вверх» Сергей Жуков. Главную роль в проекте исполняет его дочь Ника Жукова.",16+,6.9,1 896 оценок,['драма'],['Андрей Силкин']
СТС,['13:00'],Матрица времени,2017,"Саманта — крутая девчонка, которой всегда и во всем везло. Но  в пятницу, 12 февраля, что-то пошло не так, а потом случилась авария на трассе. Саманта оказалась в заколдованном круге проклятого дня, и теперь она вынуждена проживать ужас той пятницы снова и снова. Чтобы распутать петлю времени, она должна вычислить ошибку и исправить неверный шаг. Но каждый раз что-то не срабатывает.",16+,6.7,768 оценок,['драма'],['Ри Руссо-Янг']
СТС,"['15:00', '15:55']","Шоу ""Уральских пельменей""",2009 — по н.в.,"Команда КВН «Уральские пельмени» была создана в 1993 году. Все первые участники коллектива были членами различных студенческих отрядов Уральского политехнического института. В 1995 году команда дебютировала в Высшей лиге КВН, впоследствии отыграла пять сезонов и стала чемпионом Клуба веселых и находчивых в 2000 году, получив неофициальный титул «Последние чемпионы XX века».
Завершив выступления в КВН, участники команды образовали Творческое объединение «Уральские пельмени» и организовали юмористическое шоу, выходящее на телеканале СТС с 2009 года. Каждая новая программа — это полноценный «живой» концерт «Уральских пельменей», на котором демонстрируются пародии, музыкальные номера, миниатюры, юмористические зарисовки, объединенные общей (как правило, актуальной) темой.",16+,7.7,5 145 оценок,['юмористическое'],[]
СТС,['21:00'],Месть земли,2021,"Под воздействием глобальных геологических изменений надвигается серия геологических катастроф. Землетрясения, оползни, сели, провалы в земле угрожают жизни простых граждан. Также это может затронуть туннель, который возводили последние 10 лет.",16+,6.2,67 оценок,['драма'],['Ли Цзунь']
СТС,['23:20'],Глубоководный горизонт,2016,"Отправляясь на очередную вахту и прощаясь с семьями, они не подозревали, что могут не вернуться. Это основанная на реальных событиях история о страшной аварии на нефтяной платформе «Глубоководный горизонт», которая произошла в 2010 году в Мексиканском заливе. Хроника беспримерного мужества и отваги перед лицом одной из самых страшных техногенных катастроф в мировой истории.",16+,7.3,1 266 оценок,['драма'],['Питер Берг']
СТС,['03:10'],Бедные Абрамовичи,2023 — по н.в.,"В центре Москвы, рядом с синагогой, живут четыре поколения одной еврейской семьи Абрамовичей. Все они, за исключением старой Муси Львовны, весьма далеки от корней, религии и традиций. Например, Боря спокойно ест и продает свинину, а его сын Давид и вовсе скрывает свое происхождение. Но однажды в Борю Абрамовича ударяет молния, и с этого момента он начинает видеть дух своего предка Хаима. Прапрапрапрапрадед рассказывает, что когда-то совершил страшный грех и навлек на род Абрамовичей проклятие. Только Боря может снять его, но для этого нужно освободить душу Хаима и попутно обратиться к истокам и раскрыть смысл иудаизма.",16+,6.6,859 оценок,['комедия'],['Илья Фарфель']
РЕН ТВ,"['05:00', '18:00', '01:25', '04:25']",Самые шокирующие гипотезы,2015 — по н.в.,"«Самые шокирующие гипотезы» — цикл документальных передач, посвященный новому толкованию всем известных исторических событий, обыденных явлений в нашей жизни и фактов из других областей человеческих знаний. Журналисты, основываясь на неизвестных ранее сведениях, помогут иначе взглянуть на то, что прежде казалось непреложной истиной, и в очередной раз удостовериться в относительности знаний человека об окружающем мире.",16+,7.6,601 оценка,['документальное'],['Игорь Прокопенко']
РЕН ТВ,['11:00'],"""Как устроен мир"" с Тимофеем Баженовым",2018 — по н.в.,"Научно-познавательная и приключенческая программа «Как устроен мир» доказывает, что человеку только кажется, что он подчинил себе все возможные стихии. В каждом выпуске ведущий Тимофей Баженов рассказывает о случаях проявления разрушительной силы природы, демонстрирует наглядные видео, объясняет детали различных явлений и проверяет их на себе — погружается в лаву, поджигает воду, готовит воздух и делает множество других безумных вещей.",16+,6.3,93 оценки,['научно-познавательное'],['Тимофей Баженов']
РЕН ТВ,"['17:00', '02:15']",Тайны Чапман,2015 — по н.в.,"В центре каждого выпуска телепрограммы — поиск ответов на сложные вопросы, с которыми каждый день сталкивается любой человек. Авторы телешоу постараются найти скрытые связи между явлениями и объяснить, почему меняется климат и растет число природных катастроф, чем опасен здоровый образ жизни и как обычная вода может привести к войне. Телешоу «Тайны Чапман» — это исследование явлений, о которых, казалось бы, давно известно все, редкие документальные кадры, свидетельства очевидцев, интервью с учеными и сложные эксперименты.",16+,6.2,459 оценок,['документальное'],['Анна Чапман']
РЕН ТВ,['20:00'],Битва за Землю,2019,"Действие ленты разворачивается в пригороде Чикаго спустя десять лет после того, как местность оккупировали инопланетные войска. Конфликт зреет со стороны всех участников событий: коллаборационистов, сопротивленцев и диссидентов.",16+,5.4,232 оценки,['триллер'],['Руперт Уайатт']
РЕН ТВ,['23:30'],Война токов,2017,"Действие разворачивается в Америке конца 19 — начала 20 века. В центре сюжета, основанного на реальных событиях, противостояние великих изобретателей, промышленников, инженеров: Томаса Эдисона, Джорджа Вестингауза и Николы Теслы. Первый выступал за распространение в США постоянного тока, а Тесла и Вестингауз — за переход на переменный ток. В мировой истории эта борьба получила название «война токов». Длилась она более 100 лет и завершилась совсем недавно — в 2007 году.",12+,6.3,482 оценки,['драма'],['Альфонсо Гомес-Рехон']
ТНТ,"['05:15', '07:00', '07:50', '04:35']",Однажды в России,2014 — по н.в.,"Многожанровое телешоу «Однажды в России» высмеивает различные проблемы и слабые стороны страны и ее жителей. В начале каждого выпуска ведущий-конферансье выступает с небольшим стендапом, обозначающим тему эпизода. Далее актеры и члены различных команд КВН разыгрывают на сцене перед зрителями скетчи — юмористические номера на заданную тему. Эти сценки снимают камеры — таким образом, происходит реальное театральное действие, совмещенное с кинопроизводством.",16+,7.1,1 636 оценок,['юмористическое'],['Азамат Мусагалиев']
ТНТ,"['08:00', '08:30', '09:00', '09:30', '10:00', '10:30', '11:00', '11:30', '12:00', '12:30', '13:00', '13:30', '14:00', '14:30', '15:00', '15:30', '16:00', '16:30', '17:00', '17:30', '18:00']",СашаТаня,2013 — по н.в.,"Сериал «СашаТаня» рассказывает про молодую семью Сергеевых. После окончания института Саша и Таня вместе со своим маленьким сыном Алешкой решили пожить самостоятельно и сняли квартиру в Алтуфьево. Райончик, конечно, не из лучших, но зато и цены на жилье тут доступные, ведь Саша не собирается пользоваться миллиардами своего папы. Но Сильвестр Андреевич не планирует так просто оставить в покое молодых и тем более своего внука. Поэтому он поселился по соседству, только в просторной и роскошной квартире.
Саша и Таня — главные герои популярного сериала «Универ».",16+,5.7,12 534 оценки,['комедия'],"['Александр Потапов', 'Михаил Старчак']"
ТНТ,"['18:30', '19:00', '19:30', '20:00', '20:30']",Полярный,2019 — по н.в.,"Главный герой комедийного сериала «Полярный» — бывший бандит Витя, который давно отошел от криминальных дел и стал бизнесменом. Но старые «коллеги» не дают ему забыть о преступном прошлом, обращаясь с просьбой разместить общак на вполне легальных счетах. Витя соглашается, но происходит непредвиденная ситуация: он забывает пароль для доступа к счету и не может вернуть деньги. Мужчине ничего не остается, как скрыться от бывших подельников. Так Витя оказывается в маленьком северном городке Полярный…
Главные роли в сериале «Полярный» исполняют Михаил Пореченков, Иван Охлобыстин, Екатерина Шпица.",16+,7.6,1 084 оценки,['комедия'],"['Константин Статский', 'Михаил Старчак']"
ТНТ,"['21:00', '21:30']",Макрон,2024,"23-летний Андрей едет к родителям в родной городок в Архангельской области, чтобы поздравить маму с днем рождения. С собой он везет свою начальницу и по совместительству девушку Вику, по поводу которой настроен весьма серьезно. Но ситуация осложняется тем, что его любимой — 42 года, почти столько же, сколько родителям. Консервативные родственники принимают эти, по их мнению, неравные отношения в штыки и делают все, чтобы разлучить влюбленных. В это же время бывшая девушка пытается вернуть Андрея, а ее одинокий отец влюбляется в Вику и намерен добиться ее расположения.
Пилотный эпизод комедийного сериала «Макрон», снятый актером Борисом Дергачевым, в 2023 году был представлен на фестивале «Пилот» и получил приз за лучший актерский ансамбль. Главные роли в проекте исполняют Марина Александрова, Алексей Лукин, Ольга Медынич, Михаил Трухин и Александр Робак. В пилотном эпизоде роль Андрея играл Кузьма Сапрыкин.",16+,7.6,167 оценок,['комедия'],"['Борис Дергачев', 'Ирина Аркадьева']"
ТНТ,['22:05'],На Рубле без рубля,2023,"Анна — жена бизнесмена, запускающая собственный благотворительный проект. Неожиданно она узнает, что супруг хочет подать на развод, а теперь и вовсе исчез и не выходит на связь. Ее счастье и благополучие таят на глазах, финансировать проект некому, и Анне приходится заселить первых участниц к себе в особняк. Так, наряду с «Бентли» и «Прада», в ее мире теперь существуют деревенская простушка, инстадива, бывшая зэчка и юная веган-эко-феминистка. Анне и ее подопечным предстоит совместная работа, чтобы наладить не только свою жизнь, но и помочь другим женщинам с проблемами.
«На Рубле без рубля» — комедия с Екатериной Гусевой и Светланой Пермяковой в главных ролях.",12+,6.3,447 оценок,['комедия'],['Айсурат Шаманова']
ТНТ,['00:25'],"Бар ""МоскваЧики""",2024,"Три очень разные, но близкие подруги из Москвы решают поехать в Питер, чтобы развеяться и отдохнуть. Там, не ожидая этого от самих себя, девушки принимают спонтанное решение и покупают бар буквально на последние сбережения. Героини знакомятся с тремя парнями, у которых есть одна тайна, и между ними начинается противостояние. Чем завершится эта рискованная и полная интриг история — хэппи-эндом или полным провалом?
«Бар “МоскваЧики”» — комедия с Яной Кошкиной, Катей IOWA и Давой в главных ролях.",18+,5.7,280 оценок,['комедия'],['Анарио Мамедов']
ТНТ,['02:10'],Кома,2020,"После таинственной и страшной аварии молодой талантливый архитектор приходит в себя в очень странном мире, лишь частично похожем на реальность. Мире, который существует на основе памяти о реальности людей, находящихся в глубокой коме. Память человека фрагментарна, хаотична и непостоянна. Таково и пространство комы — причудливый набор из воспоминаний, в котором реки, ледники и города могут умещаться в одной комнате, где любые законы физики могут быть нарушены. Герою предстоит выяснить, по каким законам существует это пространство, бороться за жизнь, встретить любовь, найти, наконец, выход в реальный мир и осознать его по-новому, поняв, что такое кома на самом деле.",16+,6.7,1 205 оценок,['боевик'],['Никита Аргунов']
ТНТ,['03:50'],Импровизация,2016 — 2021 (Телешоу закончилось),"Непредсказуемое комедийное шоу от Comedy Club Production. Здесь нет сценария и все, происходящее на сцене, придумывается участниками на ходу. Под управлением ведущего Павла Воли четыре комика и один звездный гость оказываются в самых странных ситуациях — и выбираются из них с юмором.",16+,7.0,1 579 оценок,['игровое'],['Павел Воля']
ОТР,"['05:00', '13:00']",Секретарша,2017 (Сериал закончился),"Катерина Морозова работает секретарем в Следственном комитете. Благодаря развитой интуиции она неплохо разбирается в человеческой психологии и с легкостью находит общий язык с самыми разными людьми. Бесчисленные таланты и обширные связи делают ее практически незаменимой, когда дело касается расследования сложных и запутанных преступлений. В СК также работает ее сын Олег, который занимает должность следователя. У Кати давний роман с адвокатом Евгением Аристовым, однако она не планирует выходить замуж. Привычное течение жизни героини сериала «Секретарша» рушится в одночасье, после того как в отставку уходит ее любимый начальник, а на его место назначают человека, с которым у Морозовой есть своя история в прошлом.",16+,7.0,198 оценок,['драма'],['Радда Новикова']
ОТР,['22:10'],Путешествие в другой город,1979,"Главный инженер стройуправления Кириллов приезжает из Ленинграда в небольшой российский городок в командировку. В тихой провинции он знакомится с Линой — местной телефонисткой. Уже немолодая и одинокая женщина вызывает у Кириллова настоящие чувства. Он не мог предположить, что путешествие в другой город станет для него последним шансом обрести семейной счастье. Для Лины это тоже последняя возможность выйти замуж. Но у обоих за спиной сложные браки, поэтому, несмотря на взаимную любовь, Кириллов и Лина с трудом идут навстречу друг другу.",12+,5.9,43 оценки,['драма'],['Виктор Трегубович']
ОТР,"['00:20', '01:10']","Гостиница ""Россия""",2017 (Сериал закончился),"Москва, 1976 год. Главная героиня Ксения работает в орготделе гостиницы «Россия». Она отвечает за прием и комфортное пребывание гостей, среди которых, в основном советская знать и выскопоставленные иностранцы. Гостиница — это место, где сходятся интересы разных отделов КГБ и милиции, криминала и мира искусства, интересы разных политических и международных групп. Этот мир живет по своим законам, в него невозможно попасть просто с улицы. Получить работу в гостинице и удержаться на ней — большая удача и тяжелый труд.
Лихая атмосферная история о жизни и нравах самой знаменитой советской гостиницы.Лихая атмосферная история о жизни и нравах самой знаменитой советской гостиницы.Читать оригинал: http://www.vokrug.tv/product/show/Serial_Gostinitsa_Rossiya/
Лихая атмосферная история о жизни и нравах самой знаменитой советской гостиницы.Читать оригинал: http://www.vokrug.tv/product/show/Serial_Gostinitsa_Rossiya/
Лихая атмосферная история о жизни и нравах самой знаменитой советской гостиницы.Читать оригинал: http://www.vokrug.tv/product/show/Serial_Gostinitsa_Rossiya/",16+,7.3,2 958 оценок,['мелодрама'],['Сергей Сенцов']
Dомашний,"['05:20', '07:10', '04:35']",Давай разведемся!,2014 — по н.в.,"«Давай разведемся» — это 80 жизненных историй, взятых из жизни. В режиме реального времени суд разбирает семейные дела и решает, на чьей стороне объективная правда. Ведущая проекта — судья в отставке Елена Лестуха.",16+,5.9,146 оценок,['реалити-шоу'],"['Елена Лестуха', 'Екатерина Романова']"
Dомашний,"['06:10', '06:30']",По делам несовершеннолетних,2011 — по н.в.,"«По делам несовершеннолетних» — судебное реалити-шоу. Телекомпания «Право-ТВ» и уполномоченный при президенте РФ по правам ребенка адвокат Павел Астахов рассказывают о том, что может привести ваше чадо на скамью подсудимых. В роли судьи в программе выступает адвокат Виктория Данильченко, также здесь принимают участие обвинитель, подсудимый, судебные приставы, свидетели сторон, потерпевший, представители несовершеннолетних граждан. После рассмотрения дел и вынесения приговора, который в большинстве случаев является обвинительным, судья разъясняет телезрителям суть преступления не только с правовой, но и с моральной стороны.",16+,7.7,128 оценок,['реалити-шоу'],"['Павел Астахов', 'Виктория Данильченко']"
Dомашний,"['08:15', '09:22', '02:55', '03:45']",Тест на отцовство,2017 — 2019 (Телешоу закончилось),"В студии телепрограммы решаются семейные проблемы, которые возникли у обычных людей — измены, установление отцовства, предполагаемая подмена ребенка в роддоме. Ведущая телешоу «Тест на отцовство», профессиональный юрист, поможет разобраться во взаимоотношениях близких людей и восстановить справедливость. В ходе судебного заседания рассматриваются все доказательства, опрашиваются свидетели и адвокаты обеих сторон.",16+,8.0,88 оценок,['реалити-шоу'],['Екатерина Торкунова']
Dомашний,"['10:30', '11:07', '23:20', '23:57']",Понять. Простить,2006 — по н.в.,"Программа «Понять. Простить» рассказывает о сложных ситуациях, в которых оказываются простые люди: конфликты в семье и на работе, проблемы во взаимоотношениях поколений, кризис среднего возраста. Истории из настоящей жизни, которые происходят с реальными людьми.Герой или героиня программы приходит в кабинет к практикующим психологам и рассказывает свою историю. За кадром в сжатом виде раскрывается суть проблемы, затем подробности. Человека снимают дома, на работе, в том месте, где происходит конфликт, с представлением всех действующих лиц. Это не один прием-разговор, а много встреч, много разговоров, конкретная проблема и ее решение. Получается реконструкция истории лечения пациента, сжатая до одного выпуска программы.",16+,5.5,290 оценок,['документальное'],"['Борис Егоров', 'Галина Тимошенко']"
Dомашний,"['11:45', '12:17', '00:35', '01:05']",Порча,2019 — по н.в.,"Главная героиня проекта «Порча» — загадочная женщина Тамара, которая обладает сверхъестественными способностями. Каждый день она принимает в своей квартире отчаявшихся людей, которых преследуют неудачи, — на работе, в отношениях, в семейной жизни. Тамара видит всех своих посетителей насквозь, но помогает тем, кому считает нужным. Она снимает с людей порчу, попутно рассказывая им, как это могло произойти, что с этим делать и как жить дальше. Женщина сообщает о возможных вариантах развития событий и дает полезные советы, но следовать им или нет, — клиенты решают сами. Все истории, рассказанные в сериале, взяты из реальной практики Тамары.",16+,3.7,93 оценки,['драма'],['Антон Нефедов']
Россия 24,['04:09'],Вечер с Владимиром Соловьевым,2014 — по н.в.,"Студия телепрограммы является площадкой, где обсуждаются самые резонансные события, которые произошли в политической жизни страны и мира. Гостями телешоу «Вечер с Владимиром Соловьевым» становятся известные политики, общественные деятели, ученые, журналисты, как российские, так и иностранные. В студии звучат диаметрально противоположные точки зрения на обсуждаемую проблему, гости приводят весомые аргументы и доказательства своей правоты. Участникам острой дискуссии не всегда удается прийти к консенсусу.",12+,5.6,2 310 оценок,['ток-шоу'],['Владимир Соловьев']
Пятница!,"['06:20', '07:30']",Молодые ножи,2021 — по н.в.,"Известный шеф-повар Константин Ивлев начинает поиски молодых и талантливых поваров России, чтобы сделать из них новых звезд «Мишлен». В каждом выпуске 6 поваров в возрасте от 16 до 30 лет проходят по три испытания. Победителем становится тот, кто сможет обойти конкурентов с помощью таланта и вкуса блюд. Помогают Ивлеву выбирать победителя звездные дегустаторы из мира шоу-бизнеса.",16+,7.0,67 оценок,['шоу талантов'],['Константин Ивлев']
Пятница!,"['22:10', '23:00']",Черный список. На кухне,2019 — по н.в.,"Ведущий с помощью скрытых камер проверяет качество различных сервисов и услуг в трех категориях — эконом, средние и элитные. В каждом выпуске инспектируется работа профессионалов из разных сфер — нянь, сотрудников клининговых компаний, сантехников, аниматоров и так далее. Качественно предоставленные услуги оплачиваются в двойном размере, а компании, плохо выполнившие свою работу, заносятся в потребительский «черный список». В процессе проверок ведущий шоу дает множество полезных советов, которые помогут избежать негативного опыта.
Каждый сезон шоу «Черный список» выходит с новым ведущим. В их числе были Алексей Земсков, Ренат Агзамов, Дмитрий Масленников и Дмитрий Губерниев.",16+,7.5,75 оценок,['развлекательное'],"['Алексей Земсков', 'Ренат Агзамов', 'Дмитрий Масленников', 'Дмитрий Губерниев']"
ТВ-3,"['05:00', '03:30', '04:00']",Дневник экстрасенса с Фатимой Хадуевой. Молодой ученик,2016 — 2019 (Телешоу закончилось),"Реалити-шоу позволяет проникнуть в закрытый и загадочный мир, где открываются тайны прошлого и будущего. В телепрограмме нет сценария и приглашенных участников, только реальные люди, которые обращаются к экстрасенсу за советом. Телешоу позволяет узнать, как на самом деле живут люди со сверхспособностями.",16+,4.4,214 оценок,['реалити-шоу'],['Фатима Хадуева']
ТВ-3,['08:00'],Леди Баг и Супер-кот,2015 — по н.в.,"Маринетт всего 15 лет, она ходит в школу вместе со своими сверстниками. Но по ночам девочка превращается в Леди Баг, супергероиню со сверхъестественными способностями. Вместе с ней на улицы ночного Парижа выходит Супер-Кот, а по совместительству одноклассник Маринетт Дюпейн-Чен, Адриан Агрест. Супергерои скрывают лица под масками, их цель — победить Хаука Мота, который порабощает обычных жителей города, превращая их в злодеев...
Мультипликационный сериал «Леди Баг и Супер-Кот» снят по мотивам серии комиксов.",6+,6.8,25 117 оценок,['комедия'],"['Томас Астрюк', 'Марк Экланд', 'Джеф Астолфо', 'Риккардо Дюранте']"
ТВ-3,"['15:15', '15:45', '16:20']",Слепая,2014 — 2019 (Сериал закончился),"Прабабка ее матери была травницей — помогала бесплодным, лечила больных животных. У другой ее прабабки еще в детстве из-за сильного сколиоза вырос горб, а после этого открылся дар целительства. Саму героиню сериала «Слепая» Нину сравнивают с Вангой. Она тоже незрячей не родилась: в первом классе мальчишка попал ей в глаза обледенелым куском угля. Зрение начало стремительно падать, лекарства не помогали, врачи ничем не могли помочь. Когда она практически ослепла, она увидела людей, но по-другому. Сама она называет это словом «чуять».
Она не любит говорить о себе или о том, кто и зачем к ней обращается. Живет уединенно, в глуши, но всех, кто приходит, — принимает. Она видит, когда у человека что-то не так. Видит его судьбу.",16+,5.5,1 085 оценок,['драма'],['Елена Митюкова']
ТВ-3,"['17:00', '18:10']",Кордон,2024,"Саша Дымов — бывший пограничник, отсидевший в тюрьме по ложному обвинению. Вернувшись в родную деревню Кордонку, он понимает, что уже ничего не будет как прежде: любимая женщина вышла замуж за его лучшего друга, а работу в органах с судимостью он получить не сможет. Близкий друг Трофимыч устраивает Дымова автомехаником в свою мастерскую, но тихая мирная жизнь Саше не подходит. Отличный боец и неравнодушный человек, Дымов не может спокойно смотреть на беспредел, который учиняют в приграничной деревне преступники и контрабандисты, переправляющие за кордон деньги, оружие и запрещенные товары. Саша объявляет им войну, а параллельно пытается найти того, кто его подставил и отправил за решетку, и решает личные вопросы. Бывшая супруга Юля мучается чувством вины и сомневается, правильно ли поступила, выбрав Сашиного лучшего друга. В то же время в жизни героя сериала «Кордон» появляется новая женщина — красавица Маша, работающая на почте.",16+,7.0,22 оценки,['мелодрама'],['Юрий Осипов']
ТВ-3,['00:00'],Бекки,2020,"Триллер «Бекки» рассказывает о девушке-подростке и ее отце, которые проводят свой уикенд на озере, пока группа сбежавших преступников не превращает их отдых в хаос.",18+,5.5,59 оценок,['триллер'],"['Джонатан Милотт', 'Кэри Мернион']"
ТВ-3,['01:45'],Поворот не туда: Наследие,2021,"Компания друзей путешествует по Аппалачам. На заброшенной горной тропе они сталкиваются с людьми из древнего поселения, которые на протяжении сотни лет живут в горах без доступа цивилизации.",18+,5.9,491 оценка,['триллер'],['Майк П. Нельсон']
Карусель,['06:00'],Фиксики,2010 — по н.в.,"Фиксики — это трудолюбивые человечки, живущие внутри машин и приборов. Они следят за тем, чтобы техника работала без перебоев, чистят ее и устраняют мелкие поломки. Обычно фиксики скрываются от людей, но их можно обнаружить внутри телевизоров и телефонов, в компьютерах и холодильниках. Всего фиксиков девять: Папус, Мася и их дети Симка и Нолик, дедушка фиксиков Дедус, а также одноклассники Симки — Файер, Игрек, Шпуля и Верта. В центре сюжета мультсериала — восьмилетний мальчик ДимДимыч, в доме которого живут фиксики.",0+,7.5,4 849 оценок,['для детей'],"['Васико Бедошвили', 'Андрей Колпин']"
Карусель,['08:40'],Школьный автобус Гордон,2019 — 2021 (Сериал закончился),"Добрый мультсериал, который учит дружить и помогать друг другу. Обаятельный автобус-трансформер по имени Гордон отвозит малышей в садик «Солнышко» и делает все, чтобы их защитить. Если нужно, Гордон превращается в машину скорой помощи или в полицейский транспорт. Но главное —  он всегда готов помочь мудрым советом и решить самые непростые проблемы, возникающие в детском коллективе. ",0+,3.7,32 оценки,['для детей'],['Лу Цзиньхуэй']
Карусель,['08:55'],Робокар Поли и его друзья,2011 (Сериал закончился),"В центре событий мультсериала — захватывающие приключения команды спасателей-робокаров Поли, Эмбер, Роя и Хели в городе Брум. Бесстрашные стражи порядка спешат на помощь всем тем, кто попал в затруднительное положение на дороге. Они учат малышей не только правилам дорожного движения, но и рассказывают, как нужно себя вести в школьном автобусе, как важно пользоваться ремнями безопасности, с какими опасностями можно столкнуться на парковке, а также принимают экзамены по вождению на велосипеде. В конце каждого эпизода мультсериала «Робокар Поли. Правила дорожного движения» малыши участвуют в веселой викторине, победитель которой получает кубок.",0+,6.0,129 оценок,['для детей'],['Ем Джун Янг']
Карусель,['09:30'],Простоквашино,2018 — по н.в.,"Девятилетний дядя Федор живет в обычной городской квартире с мамой, папой и младшей сестрой Верой Павловной. Однажды галчонок Хватайка прилетает с тревожной новостью: псу Шарику и коту Матрокину срочно требуется помощь дяди Федора в Простоквашино. Мальчик отправляется к друзьям на выручку и встречает в деревне давнего знакомого — почтальона Печкина. А вскоре к нему присоединяется и Вера Павловна, отправившая сама себя в Простоквашино по почте.
«Простоквашино» — современное продолжение серии советских мультфильмов «Трое из Простоквашино», «Зима в Простоквашино» и «Каникулы в Простоквашино», снятых по мотивам произведений Эдуарда Успенского. Действие мультсериала берет начало в 2018 году.",0+,6.9,573 оценки,['для детей'],['Михаил Солошенко']
Карусель,['11:30'],Диностер,2023 — 2024 (Сериал закончился),"Четверо друзей, Люцио, Делби, Джей Мин и Оз, живут в совершенно обычном мире. Но у них есть тайна: они умеют переноситься во вселенную, в которой живут настоящие динозавры. В Дино-мире ребят ждут приключения, а помогать им будет профессор Лора. Вместе они — команда «Диностер»! Умение поддерживать друг друга им пригодится, когда настанет пора защитить динозавров от посягательств злобного ученого Бекса Хантера. Негодяй хочет, чтобы древние ящеры восстали против людей.",6+,6.8,1 473 оценки,['приключения'],"['Руана Ли', 'Хуби Ю']"
Карусель,['16:00'],"Ну, погоди! Каникулы",2021 — по н.в.,"Волк больше не пытается съесть Зайца — он хочет его победить. В живописных горах и на солнечных пляжах герои мультсериала участвуют в различных спорах, конкурсах и спортивных состязаниях. Чаще всего не имеющий преимущества Волк выбирает нечестные методы борьбы и жульничает, из-за чего попадает в нелепые и смешные ситуации.
«Ну погоди! Каникулы» — это перезапуск культового советского мультсериала «Ну, погоди!».",6+,5.9,317 оценок,['для детей'],"['Андрей Жидков', 'Максим Волков']"
Карусель,['17:10'],Оранжевая корова,2018 — по н.в.,"Главные герои мультсериала — веселые брат и сестра, телята Зоя и Боря. Любопытные и жизнерадостные Зо и Бо, как их все сокращенно называют, живут вместе с мамой и папой в городе, а летом приезжают на дачу, где вокруг очень много интересного. Телята постоянно попадают в самые разные ситуации — иногда смешные, а иногда даже опасные, — но на помощь им всегда приходят любящие и мудрые родители. Они рассказывают, как нужно вести себя в разных обстоятельствах, как заводить друзей, помогать друг другу и избегать неприятностей.",0+,6.9,411 оценок,['для детей'],['Елена Чернова']
Карусель,['19:10'],Ми-Ми-Мишки,2015 — 2021 (Сериал закончился),"Бурый медвежонок Кеша обожает все, что связано с современными технологиями, а его лучший друг — белый мишка по имени Тучка — считает, что самое главное — это забота об окружающей среде. Несмотря на то что они на первый взгляд абсолютно разные, сообща герои сериала «Ми-ми-мишки» находят выход из любой ситуации. В каждом эпизоде мультсериала друзей ждут веселые и увлекательные приключения. Им предстоит узнать много нового и интересного, научиться уважать различные взгляды, заботиться о природе и помогать друг другу.",0+,6.7,15 181 оценка,['комедия'],"['Алексей Миронов', 'Артур Толстобров', 'Вера Мякишева']"
Карусель,['21:00'],"Спокойной ночи, малыши!",1964 — по н.в.,"«Спокойной ночи, малыши!» — телепередача для детей дошкольного и младшего школьного возраста, существует с сентября 1964 года, никогда не переставала выходить в эфир и всегда была популярной. Задумывалась как «Сказка на ночь», на картинках с закадровым текстом. Позже появились кукольные спектакли и маленькие пьески для детей. С самого начала у программы был свой голос, уникальная песенка «Спят усталые игрушки», убаюкивающая малышей.
Сюжет каждого выпуска состоит из поучительной истории, в которой принимают участие кукольные персонажи: бесшабашный и слегка ленивый поросенок Хрюша, энергичный и исполнительный песик Филя, умный, рассудительный, но пугливый зайчик Степашка, осторожный, но хитрый медвежонок Мишутка. В конце юным зрителям предлагают мультфильм на обсуждаемую тему.",0+,8.1,2 978 оценок,['детское'],"['Анна Михалкова', 'Оксана Федорова', 'Виктор Бычков', 'Дмитрий Маликов', 'Валентина Леонтьева', 'Владимир Ухин', 'Ангелина Вовк', 'Татьяна Судец', 'Татьяна Веденеева', 'Юрий Николаев', 'Юрий Григорьев', 'Александр Леньков', 'Юлия Пустовойтова', 'Юрий Куклачев', 'Амаяк Акопян', 'Григорий Гладков', 'Дмитрий Хаустов', 'Николай Валуев']"
Карусель,['23:15'],Ералаш,1974 — по н.в.,"Детский юмористический киножурнал «Ералаш» состоит из историй, которые случаются с ребятами в школе и дома, во дворах и на улице. Поучительные кинозарисовки прививают молодому поколению любовь и уважение к сверстникам и окружающим. Каждый сюжет сериала начинается анимацией на тему серии. В сериале снимаются известные актеры и обычные школьники, многие из которых впоследствии становятся известными актерами. Первоначально выпуски «Ералаша» транслировались в кинотеатрах перед сеансом.",0+,7.8,6 202 оценки,['комедия'],"['Борис Грачевский', 'Виктор Волков']"
Карусель,['01:50'],Смешарики. Пин-код,2012 — 2016 (Сериал закончился),"После того как Пин изобретает летающий шарообразный корабль «Пинолет», Смешарики постоянно путешествуют на нем — по Земле, под ней и даже в космосе. Смешарики очень часто попадают в забавные и нелепые ситуации, из которых Пину и Лосяшу приходится их вызволять. Попутно они рассказывают друзьям о безграничных возможностях науки.
«Смешарики. Пин-Код» — это спин-офф популярного мультсериала «Смешарики». Цель «Пин-Кода» — сформировать интерес к изобретательству, техническому творчеству и науке у детей от 6 до 14 лет.",6+,7.5,2 187 оценок,['приключения'],"['Алексей Горбунов', 'Светлана Мардаголимова', 'Александра Аверьянова']"
Карусель,['03:25'],"Котики, вперед!",2012 — 2019 (Сериал закончился),"Котя и Катя — два маленьких котенка, брат и сестра. Котя — умный и рассудительный, а Катя — милая непоседа. Они обожают чудеса и приключения, а познавать мир им помогает необычная коробка с игрушками, в которой есть все на свете. Любознательные герои отправляются в удивительные и поучительные путешествия, благодаря которым они научатся делать самостоятельный выбор, отличать добро от зла, дружить и делиться, говорить спасибо, вовремя ложиться спать и многому другому.
Над мультсериалом «Котики, вперед!» работала международная команда, которая подарила миру такие детские проекты, как «Улица Сезам» и «Куми-Куми».",0+,6.3,409 оценок,['приключения'],['Владимир Пономарев']
Звезда,"['05:20', '06:10', '14:10', '14:52', '15:35', '16:17', '17:05', '17:18', '17:32', '17:46', '03:55', '04:40']",Разведчики: Война после войны,2008,"С окончанием Великой Отечественной войны в стране наступает долгожданный мир. Но уже через год жители одного из южных приморских городков теряют покой: здесь начинает орудовать неуловимая банда, совершившая за короткий период времени несколько дерзких ограблений и жестоких убийств. Местные органы правопорядка не в силах дать должный отпор распоясавшимся бандитам, руководимым жестоким и беспощадным Артистом. Безнаказанность подталкивает преступников на ограбление склада с оружием одной из воинских частей, расположенной недалеко от города.",16+,7.1,78 оценок,['детектив'],['Александр Замятин']
Звезда,"['11:00', '00:05']",Государственная граница. Фильм 5. Год сорок первый,1980 — 1988 (Сериал закончился),"Военно-исторический сериал «Государственная граница» состоит из восьми фильмов, в которых идет речь об охране государственных границ в разные годы. Фильм первый переносит нас в 1917 год, когда только приняли декрет об организации погранслужбы. Идет речь о противоборстве между пограничниками и бандитами, пытающимися перевозить через границу разного рода ценные вещи. События второго фильма происходят летом 21-го года на советско-польской границе, когда защитникам границы приходится столкнуться с набегами банд белополяков. Фильм третий расскажет о том, как была организована охрана границ на Дальнем Востоке и затронет 1929 год. Четвертый фильм повествует о событиях 30-х годов, когда пограничники вынуждены были вступить в противоборство с басмачами на границах Средней Азии. В первые дни войны вся тяжесть сражений пришлась на долю именно погранвойск — об этом фильм пятый.",12+,8.1,8 356 оценок,['исторический'],"['Борис Степанов', 'Вячеслав Никифоров', 'Геннадий Иванов']"
Звезда,['01:20'],Дело № 306,1956,"Советский детектив «Дело №306» повествует о буднях работников милиции, которые расследуют уличное происшествие, случившееся в Москве — машина сбила постового милиционера и пожилую женщину. В этом, на первый взгляд, обычном несчастном случае, советские следователи разгадали тайный замысел иностранной разведки. Сюжет фильма основан на одноименной повести Матвея Ройзмана. В 1956 году «Дело №306» стал лидером советского проката, который посмотрели более 33 миллионов зрителей.",12+,7.7,359 оценок,['детектив'],['Анатолий Рыбаков']
Звезда,['02:40'],Подкидыш,1939,"Классическая комедия советского кинематографа. Маленькая Наташа вышла из дома и потерялась в большом городе. В ее судьбе приняли участие все, кого она встретила в своем увлекательном, полном веселых приключений путешествии. Все, конечно, закончилось хорошо. А пока Наташа блуждала по городу, она приобрела много друзей и среди взрослых, и среди детей.
«Подкидыш» — одна из самых известных комедий отечественного кино советского периода, а фраза «Муля, не нервируй меня» превратилась в визитную карточку Фаины Раневской.",0+,7.7,1 734 оценки,['драма'],['Татьяна Лукашевич']
Че,"['07:35', '08:00', '08:05', '08:35', '09:05', '09:30', '10:00', '10:30', '11:00', '11:30']",Дорожные войны,2010 — по н.в.,"Документальный проект «Дорожные войны» рассказывает о работе сотрудников ГИБДД. Программа основана на материале, снятом видеорегистраторами патрульных машин, уличными камерами наблюдения и случайными очевидцами. Также присутствуют и собственные репортажи от съемочной группы канала «Перец», выезжающей на дежурство вместе с экипажами ГИБДД. Сюжеты получаются разные: от смешных до трагических, от поучительных до просто вызывающих недоумение.",16+,6.4,202 оценки,['документальное'],[]
Че,"['12:00', '13:00', '14:00', '15:00', '16:00']",Солдаты 8,2004 — 2013 (Сериал закончился),"Городской мажор Мишка Медведев и простой паренек из деревни Кузьма Соколов, ранее бывшие земляками, но на длительное время потерявшие связь, попадают в армию — каждый по своей причине. Сначала ребятам приходится туго: их бьют и обижают «старики» — особенно достается Медведеву. Но они быстро адаптировались: Соколов нашел себе друга — прапорщика Шматко, а у Медведева начинается роман с медсестрой Ириной Пылеевой. Но оказывается, что не только Медведев влюблен в медсестру, а еще и заместитель командира части по воспитательной работе майор Колобков.

Комедийный сериал о жизни солдат-срочников и их командиров «Солдаты» вышел на экраны в 2004 году и стал одним из самых успешных проектов телеканала РЕН ТВ. Режиссером выступил Сергей Арланов, автором идеи — Вячеслав Муругов. По вселенной сериала сняли несколько спин-оффов, а прапорщик Шматко в исполнении актера Алексея Маклакова, Соколов в исполнении Ивана Моховикова, сержант Пылеева, сыгранная актрисой Ольгой Фадеевой, и многие другие герои завоевали народную любовь.",18+,7.1,6 856 оценок,['драма'],['Сергей Арланов']
Че,"['20:00', '21:00', '02:40', '03:25', '04:15']",Решала,2017 — по н.в.,"Влад Чижов — блогер, который занимается разоблачением аферистов всех мастей. В каждом выпуске проекта «Решала» он моделирует определенные ситуации, которые наглядно показывают, как действуют мошенники, подробно разбирает схемы, которыми они пользуются, и находит способы их обойти. Влад не только рассказывает об опасностях, подстерегающих доверчивых граждан, но и помогает людям добиться справедливости, давая практические советы о том, что делать и куда обращаться, если кто-то посягнул на ваше имущество, деньги и даже жизнь.",16+,6.5,681 оценка,['развлекательное'],['Влад Чижов']
Че,"['00:00', '01:00', '01:55']",Опасные связи,2019 — по н.в.,"Главные герои шоу — обычные люди, которые подозревают свою вторую половинку в измене, но не имеют весомых доказательств. Используя современную технику и навыки слежки специальные агенты Дмитрий Рыбин и Карен Кочарян собирают улики и помогают своим клиентам опровергнуть или установить факт измены. Если подозреваемый действительно становится изменщиком, клиент сам решает, что делать с обманщиком или обманщицей.",18+,5.0,136 оценок,['развлекательное'],"['Дмитрий Рыбин', 'Денис Гребенюк', 'Карен Кочарян']"
Ю,"['05:25', '07:00', '09:00']",Маша и Медведь,2009 — по н.в.,"Маша — озорная маленькая девочка — немного шкодлива и непослушна. Предпочитает носить платки и платья в розовом цвете в любое время года. Живет на железнодорожном полустанке. О родителях ничего не известно — предположительно работают в городе и разрешают Маше играть в лесу. Все лесные звери до ужаса боятся шустрой девочки. Она упряма, настойчива, любознательна и по-детски наивна. Очень любит приключения и постоянно втягивает в них спокойного и живущего размеренной жизнью Медведя.
Медведь — в прошлом успешный цирковой актер, а на данный момент является другом и наставником любопытной девочки Маши. В его уютном лесном доме есть все современные удобства — электричество, телефон, почтовый ящик. Медведь любит рыбачить, разводит пчел, собирает ягоды и грибы, выращивает всё необходимое на собственных 6-и сотках. В доме — множество цирковых наград и афиш: Миша умеет жонглировать, кататься на велосипеде, коньках и роликах. Встреча с Машей не оставила ни следа от его размеренной жизни — Медведь погрузился в бесконечные экстремальные приключения и увлекательные авантюры. Поначалу ему это не нравилось, но со временем он понял, что больше не может жить по-старому — Маша наполнила его жизнь яркими красками! Мультсериал «Маша и Медведь» прекрасно подходит как детям, так и взрослым.",0+,7.5,101 363 оценки,['комедия'],"['Олег Кузовков', 'Олег Ужинов', 'Денис Червяцов']"
Ю,"['21:00', '22:00', '23:00']",Дом-2,2004 — по н.в.,"«Дом 2» — российское реалити-шоу, выходящее на телеканале ТНТ с 2004 года и являющееся продолжение другого аналогичного проекта — «Дом». Участники «Дома 2», девушки и молодые люди, пытаются найти и построить на телешоу свою любовь. Параллельно они занимаются строительством дома, который достанется паре участников, доказавшей глубину и искренность своих отношений. Ведущие передачи — Ксения Бородина и — с 30 декабря 2008 года — Ольга Бузова. До 6 июля 2012 года ведущей проекта также являлась Ксения Собчак, по истечении срока действия контракта отказавшаяся сотрудничать с телепроектом. С момента старта реалити-шоу в нем приняло участие более 1000 человек.",18+,1.6,12 489 оценок,['реалити-шоу'],"['Дава (Давид Манукян)', 'Ксения Собчак', 'Ксения Бородина', 'Ольга Бузова', 'Ольга Орлова', 'Елена Темникова', 'Влад Кадони', 'Саша Спилберг']"
Ю,"['00:05', '01:05']",Черная любовь,2015 — 2017 (Сериал закончился),"Художница Нихан, дочь богатого бизнесмена, и талантливый инженер Кемаль, сын простого парикмахера, случайно знакомятся в автобусе. Они с первого взгляда влюбляются друг в друга несмотря на то, что живут в совершенно разных мирах: она — из гламурной части Стамбула, он вырос в бедном квартале. Счастью влюбленных пытается помешать окружение Нихан, и вскоре девушка оказывается перед сложным выбором. Она вынуждена бросить Кемаля, и он с разбитым сердцем уезжает в другой город.
Спустя пять лет, став успешным инженером, он возвращается в Стамбул, чтобы заключить контракт с мужем Нихан. Герой сериала «Черная любовь» полон решимости отомстить бывшей возлюбленной.",16+,7.4,3 992 оценки,['мелодрама'],"['Хилаль Сарал', 'Экин Пандир']"
Ю,"['01:50', '02:45']",Измены,2019 — по н.в.,"Героини шоу — женщины, подозревающие своих возлюбленных в неверности. Ведущие программы — психолог, адвокат и хакер — помогают героиням проверить свои догадки. Они организуют слежку, устанавливают скрытые камеры и проверяют выдержку мужчин, подсылая к ним соблазнительных искусительниц. Если факт измены подтверждается, героиня решает, что делать с неверным возлюбленным: простить, наказать или сделать вид, что ничего не было.",16+,3.9,40 оценок,['реалити-шоу'],"['Татьяна Виноградова', 'Ирина Минеева', 'Петр Корнеев']"
2x2,['07:05'],Аргонавты,1971,"Два мальчика-грека встречают на берегу длиннобородого старца, который сидит на развалинах корабля. Старик рассказывает ребятам захватывающую историю приключений, выпавших на долю корабля «Арго», чьи развалины сейчас покоятся на берегу моря. Некогда отважные герои Эллады отправились на этом корабле под предводительством Ясона в Колхиду за Золотым Руном. Много испытаний пришлось перенести аргонавтам, чтобы добыть артефакт. Мультипликационный фильм «Аргонавты» основан на древнегреческих мифах.",0+,7.8,1 152 оценки,['драма'],['Александра Снежко-Блоцкая']
2x2,['07:30'],Каникулы Бонифация,1965,"Цирковой лев Бонифаций отправляется в отпуск в Африку, где живет его любимая бабушка, которая сидит в кресле-качалке, вяжет своему внуку свитер и с нетерпением его ждет. Вернувшись в родные места, Бонифаций встречает местных ребятишек — мальчиков и девочек, которые никогда не бывали в цирке. И тогда добрый Бонифаций решает устроить им цирковое представление среди пальм и песчаной пустыни. Детвора осталась в восторге от мастерства циркового льва. Советский мультфильм «Каникулы Бонифация» был создан по мотивам сказки чешского писателя Милоша Мацоурека.",0+,7.6,3 807 оценок,['короткометражный'],['Федор Хитрук']
2x2,['07:55'],Котенок с улицы Лизюкова,1988,"В городе Воронеже на улице Лизюкова жил котенок, которому приходилось постоянно убегать от злой собаки. В очередной раз забравшись на дерево, котенок пожелал стать любым другим зверем, лишь бы не котенком. Ведь маленького котенка любой может обидеть. Сидевшая рядом ворона исполнила желание кота, и тот превратился в африканского бегемота. Но ведь даже у больших и сильных животных есть свои обидчики в мире природы. Котенок с улицы Лизюкова понял, что лучше всего на свете оставаться самим собой.",6+,7.8,644 оценки,['мультфильмы'],['Вячеслав Котеночкин']
2x2,['08:10'],38 попугаев,1976 — 1991 (Сериал закончился),"Главные герои кукольного мультипликационного сериала «38 попугаев» — четверо совершенного разных по характеру друзей: разговорчивая Мартышка, застенчивый Слоненок, умный и неординарный Попугай и задумчивый Удав. Каждый эпизод представляет собой отдельную историю, в которой герои решают какой-либо забавный парадокс, связанный с разными значениями понятий или игрой слов. Сериал неоднократно был награжден призами международных кинофестивалей и дипломами. Автором сценария Григорием Остером по мотивам сериала был создан сборник сказок.",6+,7.8,6 653 оценки,['семейный'],['Иван Уфимцев']
2x2,"['10:00', '10:15', '10:30', '10:45', '11:00', '11:15', '11:30', '11:42', '12:05', '12:20', '12:35', '12:50', '13:05', '13:20', '13:35', '13:50', '14:05', '14:17', '14:30', '14:45', '15:00', '15:12', '15:25', '15:42', '16:00', '16:15', '16:30', '16:45']",Приключения Пети и Волка,2018 — по н.в. (16 декабря 2024 ожидается выход 1 серии 4 сезона),"Петя — обычный городской школьник, который любит разные гаджеты и живет с мамой, папой и дедушкой. Он немного нервный и пугливый, но добрый и отзывчивый и привык доводить дела до конца. Однажды в его жизни появляется Волк, который путешествует по сказочным мирам и помогает их обитателям решать необычные проблемы. Волк вовлекает Петю в один из своих «заказов» и вскоре мальчик становится полноценным напарником говорящего зверя. Вместе герои избавляют царя от привидений, защищают Кощея от золотоискателей, лечат амнезию Деда Мороза и совершают еще множество добрых дел, помогая сказочным персонажам.
«Приключения Пети и Волка» — мультсериал для детей и подростков школьного возраста с захватывающим сюжетом, интеллектуальным юмором и многочисленными отсылками к сказкам, литературным и кинематографическим произведениям, а также поп-культурным явлениям.
",6+,6.5,558 оценок,['приключения'],['Алексей Лебедев']
2x2,"['17:00', '17:30', '18:00', '18:25', '18:55', '19:30', '20:05', '20:40']",Губка Боб Квадратные Штаны,1999 — по н.в.,"Главный герой мультсериала — губка по имени Губка Боб квадратные штаны, в русском дубляже чаще всего называемый Спанч Бобом Сквэ Пэнтсом. Он проживает в доме-ананасе вместе с улиткой по кличке Гэри, которая повадками скорее напоминает домашнего кота. Друзья Губки Боба — подводные обитатели: морская звезда по имени Патрик, раздражительный надменный кальмар Сквидвард и белка по имени Сэнди. Спанч Боб работает поваром в закусочной «Красти Краб», которая управляется старым скрягой мистером Крабсом. Сюжетные линии строятся вокруг безуспешных стараний Губки Боба получить права на вождение подводного катера и различных приключений Боба и Патрика, в которые они попадают из-за своей глупости или наивности.",12+,6.3,12 946 оценок,['комедия'],"['Алан Смарт', 'Пол Тиббит', 'Уолт Дорн']"
2x2,"['23:05', '23:40', '00:05', '00:40', '01:00', '01:25', '01:45', '02:10', '02:30']",Южный парк,1997 — по н.в.,"Приключения четырёх мальчиков-третьеклашек, живущих в маленьком городке Саус-Парк, штат Колорадо, — совсем не детские. Сериал высмеивает парадоксы американской культуры и абсурдность текущих мировых событий, а также подвергает критике характерное для современной тв-культуры лицемерие, игнорируя всевозможные правила и табу. «Южный парк» выходит поздно вечером и позиционируется как мультфильм для взрослых. Работа над каждой серией ведётся в два этапа: на первом авторы придумывают общую концепцию и сюжет, а на втором — менее чем за неделю до выхода эпизода на экраны — дорабатывают детали, что позволяет им быстро реагировать на происходящее в мире. «Южный парк» — один из самых продолжительных мультсериалов в истории.",18+,7.3,5 523 оценки,['комедия'],"['Трей Паркер', 'Эрик Стоф', 'Мэтт Стоун']"
СТС Love,"['10:15', '10:48', '11:21', '11:54', '12:27', '13:00', '13:33', '14:06', '14:39', '15:12']",Кухня,2012 — 2016 (Сериал закончился),"Максим Лавров одержим мечтой стать знаменитым шеф-поваром. Он отправляется в Москву, чтобы устроиться в известный ресторан, владельцем которого является звезда шоу-бизнеса. Кухней этого ресторана заведует прославленный шеф-повар Виктор Баринов. Он знает сильные стороны своего таланта и гастрономические слабости своих едоков, поэтому царствует на кулинарном пьедестале с высоко поднятой головой. Оборотная сторона этого идеального образа — злоупотребление алкоголем, страсть к азартным играм и невыносимый характер. В гневе Баринов страшен, в загуле — неукротим. Отвязную эпикурейскую натуру кулинарного гуру готовы терпеть многие, но только не арт-директор ресторана Виктория Гончарова. Молодая успешная карьеристка с ледяным сердцем и деловым подходом к личной жизни, Виктория готова пойти по головам, чтобы только обеспечить столичному ресторану славу лучшего места в городе. Личное счастье она понимает как личную свободу, помноженную на личные успехи. И никаких мужчин — они так отвлекают… Максим оказывается в центре непрекращающейся дуэли между шеф-поваром и арт-директором.
Первый сезон сериала «Кухня» вышел на экраны в 2012 году. На тот момент проект был самым дорогим среди российских сериалов — стоимость одной серии составила порядка $200 000. Главные роли в комедийном сериале сыграли Дмитрий Назаров, Марк Богатырев, Дмитрий Нагиев, Елена Подкаминская, Марина Могилевская, Никита Тарасов, Ольга Кузьмина, Ольга Кузьмина, Сергей Лавыгин и другие актеры.",16+,7.5,64 184 оценки,['комедия'],"['Дмитрий Дьяченко', 'Жора Крыжовников', 'Антон Федотов']"
СТС Love,"['15:45', '16:09', '16:33', '16:57', '17:21', '17:45', '18:09', '18:33', '18:57', '19:21', '19:45', '20:09', '20:33', '20:57', '21:21', '21:45', '21:50', '21:55', '22:01', '22:06', '22:11', '22:17', '22:22', '22:27', '22:33', '22:38', '22:43', '22:49', '22:54', '22:59']",Воронины,2009 — 2019 (Сериал закончился),"Ничем не примечательная семейная пара растит детей в обычной «сталинке». Отец семейства Костя Воронин — спортивный журналист, его жена Вера — домохозяйка, и у них трое детей: семилетняя Маша, близнецы Филя и Киря. Соседи по лестничной площадке — родители Кости: Галина Ивановна, Николай Петрович и костин старший брат, капитан милиции Леня. Однажды Костя убрал перегородку между балконами, которая отделяла квартиры родителей и молодой семьи. Но он не знал, что убрал не только стенку, но и разумную преграду между его личной жизнью и родителями. Теперь родители Кости приходят в гости по нескольку разу в день, а его мама все время пытается разобраться и помочь супружеской паре, даже если они в этом не нуждаются. Масло в огонь подливает и старший брат Кости. Ему стыдно, что он, будучи сорокалетним майором, не женат и живет вместе с родителями. Леня с детства завидовал Косте и спустя многие годы чувство зависти не утихло.
Сериал «Воронины» является адаптацией американского ситкома «Все любят Рэймонда» и впервые появился на экранах в 2009 году. Проект попал в Книгу рекордов Гиннесса как самый продолжительный адаптированный сериал в истории мирового телевидения. Начиная с 11 сезона ситком получил самостоятельное развитие и стал по-настоящему народным сериалом. Роли Ворониных-старших исполнили актер Борис Клюев и актриса Анна Фроловцева. Образы Веры, Кости и Лени воплотили на экране Екатерина Волкова, Георгий Дронов и Станислав Дужников.",18+,5.8,15 273 оценки,['комедия'],"['Александр Жигалкин', 'Артем Логинов']"
СТС Love,"['23:05', '23:35', '00:05', '00:35', '01:05']",Дылды,2019 — по н.в.,"Главный герой сериала — успешный тренер, сексист и бабник Михаил Ковалев — из-за скандального характера и своего неуважительного отношения к женщинам теряет работу. Единственный шанс вернуться в Суперлигу — выиграть чемпионат с провинциальной студенческой женской командой. Задачу осложняют проректор-перфекционист Ирина и затаившая на Михаила обиду экс-девушка Наталья, которые постараются сделать все, чтобы Ковалев проиграл.",16+,7.1,2 842 оценки,['комедия'],['Сергей Сенцов']
СТС Love,"['01:35', '01:56', '02:18']",Папины дочки,2007 — 2012 (Сериал закончился),"Практикующего психотерапевта, эксперта в семейных отношениях, бросает жена. Он остается один с пятью дочерьми на руках. Но это — только начало кошмара. С ним остаются теща и куча проблем! Сможет ли отец-одиночка, отчаявшийся психотерапевт, распугавший всех клиентов жалобами на жизнь, прокормить семью и снова обрести личное счастье? На горизонте уже появилась молодая, привлекательная и очень богатая клиентка — жена миллионера с Рублевки. Смогут ли папины дочки разжалобить ее и уговорить взять папу сначала на работу, а потом, глядишь, и в мужья?
Комедийный ситком «Папины дочки» транслировался с 2007 по 2013 год и получил четыре премии ТЭФИ, став одним из самых высокорейтинговых шоу СТС и первым российским сериалом, права на адаптацию которого купил зарубежный телеканал (в Германии он выходил под названием «Полный дом дочек»). В 2023 году вышло продолжение легендарного ситкома — «Папины дочки. Новые». В том же году состоялась премьера полнометражного фильма «Папины дочки. Новогодние».
Главные роли в оригинальных, старых «Папиных дочках» играют актеры Андрей Леонов, Нонна Гришаева, Мирослава Карпович, Анастасия Сиваева, Дарья Мельникова, Елизавета Арзамасова, Екатерина Старшова.",12+,6.3,11 606 оценок,['комедия'],"['Ирина Васильева', 'Александр Жигалкин', 'Карен Захаров']"
СТС Love,"['02:40', '03:25']",Маргоша,2009 — 2011 (Сериал закончился),"Драматический сериал с элементами комедии — история о том, как трудно быть женщиной. Игорь Ребров (Гоша) — главный редактор успешного глянцевого мужского журнала (хотя сам себя считает главным редактором женских сердец). Женщин он покоряет с поразительной лёгкостью. Впрочем, с такой же лёгкостью он с ними и расстаётся. Но не всё так просто: после одной страстной ночи с девушкой по имени Карина его жизнь меняется. Оказавшись в числе жертв, девушка придумывает достаточно изощрённый план мести и отправляется к колдунье. На следующее утро Гоша просыпается и обнаруживает, что сам стал женщиной. Под именем Маргарита Гоша устраивается работать в свой родной журнал. Отношения с коллегами сложно назвать хорошими — здесь её абсолютно никто не ждал. Интриги, борьба за кресло главного редактора, оказавшееся вакантным после таинственного исчезновения Гоши, женская зависть и домогательства со стороны мужчин — Маргоше предстоит научиться быть женщиной и испытать все плюсы и минусы жизни «по ту сторону баррикад».",18+,6.4,2 655 оценок,['драма'],['Сергей Арланов']
Суббота!,"['05:00', '05:30', '06:10', '06:40', '07:10', '07:30', '07:50', '08:20', '09:10', '09:35', '09:50', '10:40', '11:30', '12:00', '12:20', '13:15', '13:40', '14:10', '14:40', '15:10', '15:40', '16:10', '16:40', '17:10', '17:35', '17:55', '18:20', '18:55', '03:30', '04:30']",Маша и Медведь,2009 — по н.в.,"Маша — озорная маленькая девочка — немного шкодлива и непослушна. Предпочитает носить платки и платья в розовом цвете в любое время года. Живет на железнодорожном полустанке. О родителях ничего не известно — предположительно работают в городе и разрешают Маше играть в лесу. Все лесные звери до ужаса боятся шустрой девочки. Она упряма, настойчива, любознательна и по-детски наивна. Очень любит приключения и постоянно втягивает в них спокойного и живущего размеренной жизнью Медведя.
Медведь — в прошлом успешный цирковой актер, а на данный момент является другом и наставником любопытной девочки Маши. В его уютном лесном доме есть все современные удобства — электричество, телефон, почтовый ящик. Медведь любит рыбачить, разводит пчел, собирает ягоды и грибы, выращивает всё необходимое на собственных 6-и сотках. В доме — множество цирковых наград и афиш: Миша умеет жонглировать, кататься на велосипеде, коньках и роликах. Встреча с Машей не оставила ни следа от его размеренной жизни — Медведь погрузился в бесконечные экстремальные приключения и увлекательные авантюры. Поначалу ему это не нравилось, но со временем он понял, что больше не может жить по-старому — Маша наполнила его жизнь яркими красками! Мультсериал «Маша и Медведь» прекрасно подходит как детям, так и взрослым.",0+,7.5,101 363 оценки,['комедия'],"['Олег Кузовков', 'Олег Ужинов', 'Денис Червяцов']"
Суббота!,"['06:00', '08:15', '09:40', '11:20', '13:05', '14:00', '15:00', '16:25', '17:25', '18:05']",Машины сказки,2011 (Сериал закончился),"Что любят читать, смотреть и слушать абсолютно все дети и даже многие взрослые? Конечно же, сказки! А наша Маша, оказывается, очень любит их рассказывать!
Мультипликационный проект «Машины сказки» знакомит нас с еще одной гранью таланта героини популярного мультсериала «Маша и Медведь» — способностью юной сказочницы по-новому видеть и рассказывать любимые детские сказки! Все сказки, которые Маша рассказывает своим куклам, очень забавные, а их герои — харизматичные и веселые.
Яркий мир Машиной фантазии понравится всем — и самым маленьким ребятишкам, и их родителям, а также бабушкам и дедушкам!",0+,7.0,16 128 оценок,['для детей'],"['Ринат Газизов', 'Денис Червяцов']"
Суббота!,"['07:00', '09:00', '10:25', '11:45', '13:25', '17:00', '17:45', '18:45', '04:20']",Машкины страшилки,2014 (Сериал закончился),"Каждый эпизод мультипликационного сериала — это история о детских страхах, рассказанная девочкой Машей. Героями повествования становятся дети, которые боятся темноты, воды или чудовищ. Мультсериал научит юных зрителей победить собственные страхи, ведь каждая пугающая история в итоге оказывается смешной и поучительной.
Сериал «Машкины страшилки» является спин-оффом мультипликационного сериала «Маша и медведь».",0+,6.8,16 091 оценка,['комедия'],"['Олег Кузовков', 'Денис Червяцов', 'Ринат Газизов']"
Суббота!,"['19:00', '19:30', '20:00', '20:20']",Элен и ребята,1992 — 1994 (Сериал закончился),"Трое парней — Николя, Этьен и Кристиан поступают на факультет социологии Университета Париж-XIV. Но мечтают они не о карьере юристов, а о том, что в один прекрасный день станут музыкальными супер-звездами. А пока все свободное от учебы время ребята посвящают репетициям в старом гараже. Однажды в кафе «У Альфредо» парни встречают Кати и Элен. Девушки учатся на втором курсе того же университета, у них есть «сумасшедшая» подружка, американка из Техаса по имени Джоанна.
«Элен и ребята» — культовый французский молодежный телесериал, показанный, помимо Франции, в Бельгии, Швейцарии, Испании, Норвегии, России и многих странах Восточной Европы в середине 1990-х годов.",16+,6.8,5 051 оценка,['драма'],"['Жак Самин', 'Жерар Эспинасс', 'Марианн Фоссорье']"
Суббота!,"['23:30', '00:40']",Мятежный дух,2002 — 2003 (Сериал закончился),"Представьте себе, интернаты существуют не только для ребят, которые по тем или иным причинам остались без опеки родителей — есть и элитные школы-интернаты, где учатся исключительно отпрыски богатых и знаменитых родителей. Таким является и аргентинский колледж «Элитный путь», все ученики которого — выходцы только из богатых семей. В колледже царят свои суровые правила, однако, это не делает его учеников послушными и покладистыми, скорее даже наоборот. Каждый учащийся здесь стремиться как-то выделиться и привыкшие к роскошной беззаботной жизни, практически все ребята обладают очень непростыми характерами. Из-за этого забот у преподавателей и директора школы хоть отбавляй. Главными героями сериала «Мятежный дух» оказались красотка Мия, самодостаточная Марицца, Пабло и Мануэль. Они и их друзья будут постоянно попадать в разные ситуации, чинить между собой разборки и всё это будет длиться до тех пор, пока объединенные одной любовью к музыке, ребята не создадут свою музыкальную группу.",16+,7.5,672 оценки,['драма'],"['Мартин Мариани', 'Крис Морена', 'Мауро Скандолари']"
Суббота!,['01:30'],Великолепный век. Империя Кесем,2015 — 2017 (Сериал закончился),"Действие сериала разворачивается в XVII веке. В центре событий — полная опасных приключений, интриг и страстей жизнь прекрасной фаворитки османского султана Ахмеда I Кесем Султан. Волею судьбы она совсем юной попала в султанский гарем Ахмеда I и вскоре была удостоена имени Махпейкер, что означает «луноликая». Пройдя через множество испытаний, козни врагов и предательства, она стала одной из самых влиятельных фигур в Османской империи.
Сериал «Великолепный век. Империя Кесем» является продолжением популярного турецкого проекта «Великолепный век».",16+,6.8,6 327 оценок,['драма'],"['Зейнеп Гунай', 'Мерт Байкал', 'Ягыз Алп Акайдын']"
Суббота!,"['02:10', '02:30', '02:50', '03:10']",Как назвать эту любовь?,2011 — 2015 (Сериал закончился),"Сериал рассказывает историю любви Арнава и Кхуши. Арнав — жестокий и циничный бизнесмен, сердце которого смягчается только в присутствии сестры Анджали. Ради нее он готов пойти на любые жертвы, но в остальном он никогда и никому не прощает ошибок. Кхуши — жизнерадостная и добрая девушка, мечтающая найти своего принца. Однажды дороги Арнава и Кхуши пересекаются, когда его автомобиль задевает ее скутер. Кхуши отказывается от денег, чем безмерно удивляет героя, который привык к тому, что все покупается и продается. Со временем между ними возникают серьезные чувства. Как назвать эту любовь? Только время покажет. ",12+,8.3,3 290 оценок,['драма'],"['Джайшри Т.', 'Акшай Догра', 'Барун Собти', 'Санайя Ирани', 'Вишеш Бансал', 'Каран Годдвани']"
